# id; hand 3left 4right; rpy; xyz,,,,,,,
11,4,-3.14159,-1.57079,-1.57079,0.949639,0.075,0.095
12,4,-3.12956,-1.39005,-3.14159,0.148199,0.075,0.129755
13,4,0.437962,-1.55668,-0.402465,0.05,-0.079065,0.124001
14,4,0,0,0,0,0,0
15,3,1.5708,0,-1.5708,0.05,-0.125441,-0.0495402
16,4,3.12031,0,-1.5708,0.05,-0.113375,-0.040247
17,3,0,0,0,0,0,0
18,3,0,0,0,0,0,0
19,3,0,0,0,0,0,0
20,3,3.14159,1.57079,-1.57079,0.072951,0.025,-0.195
