# id; hand 3left 4right; rpy; xyz,,,,,,,
11,4,0,-1.5708,1.5708,0.349639,0,0.12
12,4,-3.12956,-1.39005,-3.14159,-0.451801,0,0.154755
13,4,0.437962,-1.55668,-0.402465,0,0.520935,0.149001
14,4,0,0,0,0,0,0
15,3,1.5708,5.55112e-17,-1.5708,0,-0.575441,0.00045981
16,4,3.12031,0,-1.5708,0,-0.563375,0.00975299
17,3,0,0,0,0,0,0
18,3,0,0,0,0,0,0
19,3,0,0,0,0,0,0
20,3,0,1.5708,1.5708,-0.527049,0,-0.145
